id,sku_code,product_name,platform,category,division,flow_category,gmv_q3,is_active,created_at
92,FB110,CINNAMON ROLL DELUXE,foodpanda,BREAD,BREAD,Best-Sellers,601297.50,True,2025-09-18 15:38:42.909670
88,FB107,DOUBLE CHEESE ROLL,foodpanda,BREAD,BREAD,Best-Sellers,484849.49,True,2025-09-18 15:38:42.909670
93,FD057,MATCHA MILK,foodpanda,NON-BREAD,NON-BREAD,Best-Sellers,625008.03,True,2025-09-18 15:38:42.909670
86,FB062,MILKY CHEESE DONUT,foodpanda,BREAD,BREAD,Best-Sellers,1595421.82,True,2025-09-18 15:38:42.909670
87,FD113,MILO OVERLOAD,foodpanda,NON-BREAD,NON-BREAD,Best-Sellers,856857.15,True,2025-09-18 15:38:42.909670
90,FB001,PAN DE COCO,foodpanda,BREAD,BREAD,Best-Sellers,758896.86,True,2025-09-18 15:38:42.909670
89,FD117,TWISTEA CLASSIC,foodpanda,NON-BREAD,NON-BREAD,Best-Sellers,72952.15,True,2025-09-18 15:38:42.909670
91,FD028,VIETNAMESE COFFEE,foodpanda,NON-BREAD,NON-BREAD,Best-Sellers,837763.57,True,2025-09-18 15:38:42.909670
100,FB072,FOODPANDA BANANA BREAD,foodpanda,BREAD,BREAD,Breads and Pastries,19816.25,True,2025-09-18 15:38:42.909670
116,FB094,FOODPANDA BANANA CRUNCH,foodpanda,BREAD,BREAD,Breads and Pastries,82515.00,True,2025-09-18 15:38:42.909670
113,FB103,FOODPANDA BLUEBERRY MUFFIN,foodpanda,BREAD,BREAD,Breads and Pastries,101836.50,True,2025-09-18 15:38:42.909670
120,FB061,FOODPANDA CHEESE BURST DONUT,foodpanda,BREAD,BREAD,Breads and Pastries,65520.00,True,2025-09-18 15:38:42.909670
95,FB004,FOODPANDA CHEESE ROLL,foodpanda,BREAD,BREAD,Breads and Pastries,296343.75,True,2025-09-18 15:38:42.909670
112,FB095,FOODPANDA CHEESY HAM ROLL,foodpanda,BREAD,BREAD,Breads and Pastries,106138.75,True,2025-09-18 15:38:42.909670
101,FB102,FOODPANDA CHEESY SAUSAGE ROLL,foodpanda,BREAD,BREAD,Breads and Pastries,169310.00,True,2025-09-18 15:38:42.909670
124,FB112,FOODPANDA CHICKEN ASADO BUN,foodpanda,BREAD,BREAD,Breads and Pastries,22495.00,True,2025-09-18 15:38:42.909670
96,FB086,FOODPANDA CHOCO BANANA MUFFIN,foodpanda,BREAD,BREAD,Breads and Pastries,30.00,True,2025-09-18 15:38:42.909670
99,FB074,FOODPANDA CHOCO CHEESE DONUT,foodpanda,BREAD,BREAD,Breads and Pastries,213396.00,True,2025-09-18 15:38:42.909670
111,FB096,FOODPANDA CHOCO CHIP MUFFIN,foodpanda,BREAD,BREAD,Breads and Pastries,108675.50,True,2025-09-18 15:38:42.909670
105,FB105,FOODPANDA CHOCO FROST DONUT,foodpanda,BREAD,BREAD,Breads and Pastries,148447.50,True,2025-09-18 15:38:42.909670
108,FB008,FOODPANDA CHOCO ROLL,foodpanda,BREAD,BREAD,Breads and Pastries,129468.50,True,2025-09-18 15:38:42.909670
102,FB028,FOODPANDA CINNAMON ROLL CLASSIC,foodpanda,BREAD,BREAD,Breads and Pastries,163303.98,True,2025-09-18 15:38:42.909670
107,FB069,FOODPANDA COFFEE BUN,foodpanda,BREAD,BREAD,Breads and Pastries,140737.75,True,2025-09-18 15:38:42.909670
98,FB098,FOODPANDA DAILY LOAF - CHOCO,foodpanda,BREAD,BREAD,Breads and Pastries,18408.50,True,2025-09-18 15:38:42.909670
122,FB099,FOODPANDA DAILY LOAF - ITALIAN HERB,foodpanda,BREAD,BREAD,Breads and Pastries,43260.00,True,2025-09-18 15:38:42.909670
123,FB097,FOODPANDA DAILY LOAF - RAISIN,foodpanda,BREAD,BREAD,Breads and Pastries,37931.25,True,2025-09-18 15:38:42.909670
110,FB073,FOODPANDA GLAZED DONUT,foodpanda,BREAD,BREAD,Breads and Pastries,109240.00,True,2025-09-18 15:38:42.909670
117,FB088,FOODPANDA ITALIAN CHEESE ROLL,foodpanda,BREAD,BREAD,Breads and Pastries,81608.00,True,2025-09-18 15:38:42.909670
118,FB111,FOODPANDA K-SALT BREAD,foodpanda,BREAD,BREAD,Breads and Pastries,70728.25,True,2025-09-18 15:38:42.909670
121,FB089,FOODPANDA MILKY BUN,foodpanda,BREAD,BREAD,Breads and Pastries,50188.25,True,2025-09-18 15:38:42.909670
106,FB070,FOODPANDA PAN DE FLOSS ORIGINAL,foodpanda,BREAD,BREAD,Breads and Pastries,142224.75,True,2025-09-18 15:38:42.909670
109,FB071,FOODPANDA PAN DE FLOSS SPICY,foodpanda,BREAD,BREAD,Breads and Pastries,124807.75,True,2025-09-18 15:38:42.909670
119,FB104,FOODPANDA PAN DE SAL (10 PCS),foodpanda,BREAD,BREAD,Breads and Pastries,67680.00,True,2025-09-18 15:38:42.909670
94,FB002,FOODPANDA PAN DE SAL (SMALL),foodpanda,BREAD,BREAD,Breads and Pastries,1120.00,True,2025-09-18 15:38:42.909670
97,FB006,FOODPANDA SPANISH BREAD,foodpanda,BREAD,BREAD,Breads and Pastries,220361.25,True,2025-09-18 15:38:42.909670
115,FB106,FOODPANDA STRAWBERRY SPRINKLE DONUT,foodpanda,BREAD,BREAD,Breads and Pastries,85820.00,True,2025-09-18 15:38:42.909670
104,FB034,FOODPANDA SUGAR DONUT,foodpanda,BREAD,BREAD,Breads and Pastries,149651.25,True,2025-09-18 15:38:42.909670
114,FB109,FOODPANDA TUNA BUN,foodpanda,BREAD,BREAD,Breads and Pastries,99459.00,True,2025-09-18 15:38:42.909670
103,FB050,FOODPANDA UBE CHEESE,foodpanda,BREAD,BREAD,Breads and Pastries,154947.90,True,2025-09-18 15:38:42.909670
164,FD129,FOODPANDA HOT MILO MOCHA,foodpanda,NON-BREAD,NON-BREAD,Choco & Milo,1915.00,True,2025-09-18 15:38:42.909670
174,FD130,FOODPANDA HOT MILO OVERLOAD,foodpanda,NON-BREAD,NON-BREAD,Choco & Milo,7885.00,True,2025-09-18 15:38:42.909670
166,FD005,FOODPANDA HOT RICH CHOCO,foodpanda,NON-BREAD,NON-BREAD,Choco & Milo,6855.00,True,2025-09-18 15:38:42.909670
167,FD009,FOODPANDA ICED RICH CHOCO,foodpanda,NON-BREAD,NON-BREAD,Choco & Milo,75698.57,True,2025-09-18 15:38:42.909670
171,FD082,FOODPANDA ICED RICH CHOCO MX,foodpanda,NON-BREAD,NON-BREAD,Choco & Milo,30510.00,True,2025-09-18 15:38:42.909670
168,FD037,FOODPANDA ICED RICH CHOCO XL,foodpanda,NON-BREAD,NON-BREAD,Choco & Milo,71031.43,True,2025-09-18 15:38:42.909670
172,FD109,FOODPANDA MILO MOCHA ICED,foodpanda,NON-BREAD,NON-BREAD,Choco & Milo,29915.00,True,2025-09-18 15:38:42.909670
173,FD111,FOODPANDA MILO MOCHA ICED MX,foodpanda,NON-BREAD,NON-BREAD,Choco & Milo,19940.00,True,2025-09-18 15:38:42.909670
170,FD110,FOODPANDA MILO MOCHA ICED XL,foodpanda,NON-BREAD,NON-BREAD,Choco & Milo,31425.00,True,2025-09-18 15:38:42.909670
169,FD115,FOODPANDA MILO OVRLOAD ICED MX,foodpanda,NON-BREAD,NON-BREAD,Choco & Milo,67820.00,True,2025-09-18 15:38:42.909670
165,FD114,FOODPANDA MILO OVRLOAD ICED XL,foodpanda,NON-BREAD,NON-BREAD,Choco & Milo,110261.43,True,2025-09-18 15:38:42.909670
194,FD123,FOODPANDA BLUEBERRY BREEZE,foodpanda,NON-BREAD,NON-BREAD,Fruity Coolers,1157.14,True,2025-09-18 15:38:42.909670
200,FD125,FOODPANDA BLUEBERRY BREEZE MX,foodpanda,NON-BREAD,NON-BREAD,Fruity Coolers,85.00,True,2025-09-18 15:38:42.909670
195,FD124,FOODPANDA BLUEBERRY BREEZE XL,foodpanda,NON-BREAD,NON-BREAD,Fruity Coolers,984.29,True,2025-09-18 15:38:42.909670
192,FD119,FOODPANDA COCOPAN TWISTEA MX,foodpanda,NON-BREAD,NON-BREAD,Fruity Coolers,8222.86,True,2025-09-18 15:38:42.909670
190,FD118,FOODPANDA COCOPAN TWISTEA XL,foodpanda,NON-BREAD,NON-BREAD,Fruity Coolers,16143.57,True,2025-09-18 15:38:42.909670
185,FD126,FOODPANDA COOKIES AND CREAM BLAST,foodpanda,NON-BREAD,NON-BREAD,Fruity Coolers,27610.00,True,2025-09-18 15:38:42.909670
189,FD128,FOODPANDA COOKIESAND CREAM BLAST MX,foodpanda,NON-BREAD,NON-BREAD,Fruity Coolers,17075.00,True,2025-09-18 15:38:42.909670
183,FD127,FOODPANDA COOKIES AND CREAM BLAST XL,foodpanda,NON-BREAD,NON-BREAD,Fruity Coolers,30012.86,True,2025-09-18 15:38:42.909670
199,FD131,FOODPANDA EXPRESS CLASSIC,foodpanda,NON-BREAD,NON-BREAD,Fruity Coolers,135.00,True,2025-09-18 15:38:42.909670
198,FD133,FOODPANDA EXPRESS SWEET & CREAMY,foodpanda,NON-BREAD,NON-BREAD,Fruity Coolers,180.00,True,2025-09-18 15:38:42.909670
201,FD134,FOODPANDA EXPRESS SWEET & CREAMY XL,foodpanda,NON-BREAD,NON-BREAD,Fruity Coolers,80.00,True,2025-09-18 15:38:42.909670
179,FD044,FOODPANDA FRUITY MELON MILK,foodpanda,NON-BREAD,NON-BREAD,Fruity Coolers,50465.00,True,2025-09-18 15:38:42.909670
187,FD086,FOODPANDA FRUITY MELON MILK MX,foodpanda,NON-BREAD,NON-BREAD,Fruity Coolers,23090.00,True,2025-09-18 15:38:42.909670
178,FD047,FOODPANDA FRUITY MELON MILK XL,foodpanda,NON-BREAD,NON-BREAD,Fruity Coolers,51150.00,True,2025-09-18 15:38:42.909670
175,FD043,FOODPANDA FRUITY STRAWBERRY MILK,foodpanda,NON-BREAD,NON-BREAD,Fruity Coolers,62059.29,True,2025-09-18 15:38:42.909670
188,FD085,FOODPANDA FRUITY STRAWBERRY MILK MX,foodpanda,NON-BREAD,NON-BREAD,Fruity Coolers,21170.00,True,2025-09-18 15:38:42.909670
180,FD046,FOODPANDA FRUITY STRAWBERRY MILK XL,foodpanda,NON-BREAD,NON-BREAD,Fruity Coolers,50447.14,True,2025-09-18 15:38:42.909670
181,FD067,FOODPANDA LEMON BERRY COOLER,foodpanda,NON-BREAD,NON-BREAD,Fruity Coolers,47222.86,True,2025-09-18 15:38:42.909670
184,FD092,FOODPANDA LEMON BERRY COOLER MX,foodpanda,NON-BREAD,NON-BREAD,Fruity Coolers,28934.29,True,2025-09-18 15:38:42.909670
177,FD068,FOODPANDA LEMON BERRY COOLER XL,foodpanda,NON-BREAD,NON-BREAD,Fruity Coolers,53665.00,True,2025-09-18 15:38:42.909670
182,FD069,FOODPANDA LEMON PASSION COOLER,foodpanda,NON-BREAD,NON-BREAD,Fruity Coolers,31205.00,True,2025-09-18 15:38:42.909670
191,FD093,FOODPANDA LEMON PASSION COOLER MX,foodpanda,NON-BREAD,NON-BREAD,Fruity Coolers,16129.29,True,2025-09-18 15:38:42.909670
186,FD070,FOODPANDA LEMON PASSION COOLER XL,foodpanda,NON-BREAD,NON-BREAD,Fruity Coolers,25925.00,True,2025-09-18 15:38:42.909670
176,FD101,FOODPANDA LEMON YAKULT DRINK,foodpanda,NON-BREAD,NON-BREAD,Fruity Coolers,50.00,True,2025-09-18 15:38:42.909670
196,FD120,FOODPANDA MANGO SUNRISE,foodpanda,NON-BREAD,NON-BREAD,Fruity Coolers,765.00,True,2025-09-18 15:38:42.909670
197,FD122,FOODPANDA MANGO SUNRISE MX,foodpanda,NON-BREAD,NON-BREAD,Fruity Coolers,420.71,True,2025-09-18 15:38:42.909670
193,FD121,FOODPANDA MANGO SUNRISE XL,foodpanda,NON-BREAD,NON-BREAD,Fruity Coolers,1300.00,True,2025-09-18 15:38:42.909670
126,FD048,FOODPANDA HOT CAFE ESPANOL,foodpanda,NON-BREAD,NON-BREAD,Hot Coffee,14390.00,True,2025-09-18 15:38:42.909670
129,FD004,FOODPANDA HOT CREAMY VANILLA,foodpanda,NON-BREAD,NON-BREAD,Hot Coffee,10844.29,True,2025-09-18 15:38:42.909670
128,FD033,FOODPANDA HOT DARK CHOCOLATE COFFEE,foodpanda,NON-BREAD,NON-BREAD,Hot Coffee,11925.00,True,2025-09-18 15:38:42.909670
125,FD097,FOODPANDA HOT HAZELNUT COFFEE,foodpanda,NON-BREAD,NON-BREAD,Hot Coffee,3205.00,True,2025-09-18 15:38:42.909670
130,FD051,FOODPANDA HOT SALTED CARAMEL,foodpanda,NON-BREAD,NON-BREAD,Hot Coffee,8674.29,True,2025-09-18 15:38:42.909670
127,FD003,FOODPANDA HOT SIGNATURE BLACK COFFEE,foodpanda,NON-BREAD,NON-BREAD,Hot Coffee,5585.00,True,2025-09-18 15:38:42.909670
131,FD104,FOODPANDA HOT SIGNATURE MILKY COFFEE,foodpanda,NON-BREAD,NON-BREAD,Hot Coffee,6720.00,True,2025-09-18 15:38:42.909670
136,FD049,FOODPANDA ICED CAFE ESPANOL,foodpanda,NON-BREAD,NON-BREAD,Iced Coffee,108145.00,True,2025-09-18 15:38:42.909670
145,FD087,FOODPANDA ICED CAFE ESPANOL MX,foodpanda,NON-BREAD,NON-BREAD,Iced Coffee,46912.14,True,2025-09-18 15:38:42.909670
134,FD050,FOODPANDA ICED CAFE ESPANOL XL,foodpanda,NON-BREAD,NON-BREAD,Iced Coffee,131565.00,True,2025-09-18 15:38:42.909670
137,FD008,FOODPANDA ICED CREAMY VANILLA,foodpanda,NON-BREAD,NON-BREAD,Iced Coffee,107167.86,True,2025-09-18 15:38:42.909670
149,FD081,FOODPANDA ICED CREAMY VANILLA MX,foodpanda,NON-BREAD,NON-BREAD,Iced Coffee,30745.00,True,2025-09-18 15:38:42.909670
141,FD036,FOODPANDA ICED CREAMY VANILLA XL,foodpanda,NON-BREAD,NON-BREAD,Iced Coffee,98653.57,True,2025-09-18 15:38:42.909670
142,FD034,FOODPANDA ICED DARK CHOCOLATE COFFEE,foodpanda,NON-BREAD,NON-BREAD,Iced Coffee,96460.00,True,2025-09-18 15:38:42.909670
146,FD084,FOODPANDA ICED DARK CHOCOLATE COFFEE MX,foodpanda,NON-BREAD,NON-BREAD,Iced Coffee,37290.00,True,2025-09-18 15:38:42.909670
138,FD041,FOODPANDA ICED DARK CHOCOLATE COFFEE XL,foodpanda,NON-BREAD,NON-BREAD,Iced Coffee,106625.00,True,2025-09-18 15:38:42.909670
154,FD098,FOODPANDA ICED HAZELNUT COFFEE,foodpanda,NON-BREAD,NON-BREAD,Iced Coffee,15494.29,True,2025-09-18 15:38:42.909670
133,FD100,FOODPANDA ICED HAZELNUT COFFEE MX,foodpanda,NON-BREAD,NON-BREAD,Iced Coffee,2660.00,True,2025-09-18 15:38:42.909670
152,FD099,FOODPANDA ICED HAZELNUT COFFEE XL,foodpanda,NON-BREAD,NON-BREAD,Iced Coffee,16545.00,True,2025-09-18 15:38:42.909670
143,FD052,FOODPANDA ICED SALTED CARAMEL,foodpanda,NON-BREAD,NON-BREAD,Iced Coffee,72365.00,True,2025-09-18 15:38:42.909670
147,FD088,FOODPANDA ICED SALTED CARAMEL MX,foodpanda,NON-BREAD,NON-BREAD,Iced Coffee,37030.00,True,2025-09-18 15:38:42.909670
140,FD053,FOODPANDA ICED SALTED CARAMEL XL,foodpanda,NON-BREAD,NON-BREAD,Iced Coffee,99002.14,True,2025-09-18 15:38:42.909670
153,FD007,FOODPANDA ICED SIGNATURE BLACK COFFEE,foodpanda,NON-BREAD,NON-BREAD,Iced Coffee,16373.57,True,2025-09-18 15:38:42.909670
135,FD080,FOODPANDA ICED SIGNATURE BLACK COFFEE MX,foodpanda,NON-BREAD,NON-BREAD,Iced Coffee,12176.43,True,2025-09-18 15:38:42.909670
151,FD035,FOODPANDA ICED SIGNATURE BLACK COFFEE XL,foodpanda,NON-BREAD,NON-BREAD,Iced Coffee,22300.00,True,2025-09-18 15:38:42.909670
148,FD105,FOODPANDA ICED SIGNATURE MILKY COFFEE,foodpanda,NON-BREAD,NON-BREAD,Iced Coffee,34924.29,True,2025-09-18 15:38:42.909670
155,FD107,FOODPANDA ICED SIGNATURE MILKY COFFEE MX,foodpanda,NON-BREAD,NON-BREAD,Iced Coffee,14610.00,True,2025-09-18 15:38:42.909670
150,FD106,FOODPANDA ICED SIGNATURE MILKY COFFEE XL,foodpanda,NON-BREAD,NON-BREAD,Iced Coffee,23950.00,True,2025-09-18 15:38:42.909670
139,FD029,FOODPANDA ICED VIETNAMESE COFFEE,foodpanda,NON-BREAD,NON-BREAD,Iced Coffee,100758.57,True,2025-09-18 15:38:42.909670
144,FD083,FOODPANDA ICED VIETNAMESE COFFEE MX,foodpanda,NON-BREAD,NON-BREAD,Iced Coffee,56307.86,True,2025-09-18 15:38:42.909670
132,FD039,FOODPANDA ICED VIETNAMESE COFFEE XL,foodpanda,NON-BREAD,NON-BREAD,Iced Coffee,184868.57,True,2025-09-18 15:38:42.909670
161,FD089,FOODPANDA ICED MATCHA MILK MX,foodpanda,NON-BREAD,NON-BREAD,Matcha,39824.29,True,2025-09-18 15:38:42.909670
156,FD059,FOODPANDA ICED MATCHA MILK XL,foodpanda,NON-BREAD,NON-BREAD,Matcha,116385.71,True,2025-09-18 15:38:42.909670
160,FD058,FOODPANDA ICED MATCHA STRAWBERRY,foodpanda,NON-BREAD,NON-BREAD,Matcha,58480.00,True,2025-09-18 15:38:42.909670
163,FD090,FOODPANDA ICED MATCHA STRAWBERRY MX,foodpanda,NON-BREAD,NON-BREAD,Matcha,25290.00,True,2025-09-18 15:38:42.909670
159,FD060,FOODPANDA ICED MATCHA STRAWBERRY XL,foodpanda,NON-BREAD,NON-BREAD,Matcha,64285.00,True,2025-09-18 15:38:42.909670
158,FD063,FOODPANDA ICED VIET COFFEE MATCHA,foodpanda,NON-BREAD,NON-BREAD,Matcha,19190.00,True,2025-09-18 15:38:42.909670
157,FD091,FOODPANDA ICED VIET COFFEE MATCHA MX,foodpanda,NON-BREAD,NON-BREAD,Matcha,12145.00,True,2025-09-18 15:38:42.909670
162,FD064,FOODPANDA ICED VIET COFFEE MATCHA XL,foodpanda,NON-BREAD,NON-BREAD,Matcha,31178.57,True,2025-09-18 15:38:42.909670
36,GD048,GRAB HOT CAFE ESPANOL,grabfood,NON-BREAD,NON-BREAD,Brewed Coffee,14000.00,True,2025-09-18 15:38:42.909670
40,GD004,GRAB HOT CREAMY VANILLA,grabfood,NON-BREAD,NON-BREAD,Brewed Coffee,14020.00,True,2025-09-18 15:38:42.909670
48,GD033,GRAB HOT DARK CHOCOLATE COFFEE,grabfood,NON-BREAD,NON-BREAD,Brewed Coffee,13377.86,True,2025-09-18 15:38:42.909670
44,GD051,GRAB HOT SALTED CARAMEL,grabfood,NON-BREAD,NON-BREAD,Brewed Coffee,14905.00,True,2025-09-18 15:38:42.909670
56,GD003,GRAB HOT SIGNATURE BLACK COFFEE,grabfood,NON-BREAD,NON-BREAD,Brewed Coffee,10735.00,True,2025-09-18 15:38:42.909670
52,GD104,GRAB HOT SIGNATURE MILKY COFFEE,grabfood,NON-BREAD,NON-BREAD,Brewed Coffee,11840.00,True,2025-09-18 15:38:42.909670
2,GD028,GRAB HOT VIETNAMESE COFFEE,grabfood,NON-BREAD,NON-BREAD,Brewed Coffee,24811.43,True,2025-09-18 15:38:42.909670
37,GD049,GRAB ICED CAFE ESPANOL,grabfood,NON-BREAD,NON-BREAD,Brewed Coffee,99660.00,True,2025-09-18 15:38:42.909670
38,GD087,GRAB ICED CAFE ESPANOL MX,grabfood,NON-BREAD,NON-BREAD,Brewed Coffee,54927.86,True,2025-09-18 15:38:42.909670
39,GD050,GRAB ICED CAFE ESPANOL XL,grabfood,NON-BREAD,NON-BREAD,Brewed Coffee,111470.00,True,2025-09-18 15:38:42.909670
41,GD008,GRAB ICED CREAMY VANILLA,grabfood,NON-BREAD,NON-BREAD,Brewed Coffee,106345.00,True,2025-09-18 15:38:42.909670
42,GD081,GRAB ICED CREAMY VANILLA MX,grabfood,NON-BREAD,NON-BREAD,Brewed Coffee,56325.00,True,2025-09-18 15:38:42.909670
43,GD036,GRAB ICED CREAMY VANILLA XL,grabfood,NON-BREAD,NON-BREAD,Brewed Coffee,103972.14,True,2025-09-18 15:38:42.909670
49,GD034,GRAB ICED DARK CHOCOLATE COFFEE,grabfood,NON-BREAD,NON-BREAD,Brewed Coffee,74610.71,True,2025-09-18 15:38:42.909670
50,GD084,GRAB ICED DARK CHOCOLATE COFFEE MX,grabfood,NON-BREAD,NON-BREAD,Brewed Coffee,60665.00,True,2025-09-18 15:38:42.909670
51,GD041,GRAB ICED DARK CHOCOLATE COFFEE XL,grabfood,NON-BREAD,NON-BREAD,Brewed Coffee,89427.14,True,2025-09-18 15:38:42.909670
45,GD052,GRAB ICED SALTED CARAMEL,grabfood,NON-BREAD,NON-BREAD,Brewed Coffee,79977.86,True,2025-09-18 15:38:42.909670
46,GD088,GRAB ICED SALTED CARAMEL MX,grabfood,NON-BREAD,NON-BREAD,Brewed Coffee,62567.86,True,2025-09-18 15:38:42.909670
47,GD053,GRAB ICED SALTED CARAMEL XL,grabfood,NON-BREAD,NON-BREAD,Brewed Coffee,92177.14,True,2025-09-18 15:38:42.909670
57,GD007,GRAB ICED SIGNATURE BLACK COFFEE,grabfood,NON-BREAD,NON-BREAD,Brewed Coffee,23748.57,True,2025-09-18 15:38:42.909670
58,GD080,GRAB ICED SIGNATURE BLACK COFFEE MX,grabfood,NON-BREAD,NON-BREAD,Brewed Coffee,26754.28,True,2025-09-18 15:38:42.909670
59,GD035,GRAB ICED SIGNATURE BLACK COFFEE XL,grabfood,NON-BREAD,NON-BREAD,Brewed Coffee,23885.72,True,2025-09-18 15:38:42.909670
53,GD105,GRAB ICED SIGNATURE MILKY COFFEE,grabfood,NON-BREAD,NON-BREAD,Brewed Coffee,40501.43,True,2025-09-18 15:38:42.909670
54,GD107,GRAB ICED SIGNATURE MILKY COFFEE MX,grabfood,NON-BREAD,NON-BREAD,Brewed Coffee,21380.00,True,2025-09-18 15:38:42.909670
55,GD106,GRAB ICED SIGNATURE MILKY COFFEE XL,grabfood,NON-BREAD,NON-BREAD,Brewed Coffee,30740.00,True,2025-09-18 15:38:42.909670
33,GD029,GRAB ICED VIETNAMESE COFFEE,grabfood,NON-BREAD,NON-BREAD,Brewed Coffee,154414.29,True,2025-09-18 15:38:42.909670
34,GD083,GRAB ICED VIETNAMESE COFFEE MX,grabfood,NON-BREAD,NON-BREAD,Brewed Coffee,122307.86,True,2025-09-18 15:38:42.909670
35,GD039,GRAB ICED VIETNAMESE COFFEE XL,grabfood,NON-BREAD,NON-BREAD,Brewed Coffee,194295.00,True,2025-09-18 15:38:42.909670
218,GP009,BUILD A BOX (SNACK BOX 10PCS),grabfood,PROMOS,PROMOS,Bundles,0.00,True,2025-09-18 16:28:38.467076
216,GP007,BUILD A BOX (SUPERBOX 13PCS),grabfood,PROMOS,PROMOS,Bundles,0.00,True,2025-09-18 16:28:38.467076
219,GP010,SNACK BOX (ASSORTED 10PCS),grabfood,PROMOS,PROMOS,Bundles,0.00,True,2025-09-18 16:28:38.467076
217,GP008,SUPERBOX (ASSORTED 13PCS),grabfood,PROMOS,PROMOS,Bundles,0.00,True,2025-09-18 16:28:38.467076
60,GD130,GRAB HOT MILO OVERLOAD,grabfood,NON-BREAD,NON-BREAD,Chocolate,10280.00,True,2025-09-18 15:38:42.909670
63,GD005,GRAB HOT RICH CHOCO,grabfood,NON-BREAD,NON-BREAD,Chocolate,6321.56,True,2025-09-18 15:38:42.909670
64,GD009,GRAB ICED RICH CHOCO,grabfood,NON-BREAD,NON-BREAD,Chocolate,73567.86,True,2025-09-18 15:38:42.909670
65,GD082,GRAB ICED RICH CHOCO MX,grabfood,NON-BREAD,NON-BREAD,Chocolate,48020.00,True,2025-09-18 15:38:42.909670
66,GD037,GRAB ICED RICH CHOCO XL,grabfood,NON-BREAD,NON-BREAD,Chocolate,67669.20,True,2025-09-18 15:38:42.909670
3,GD113,GRAB MILO OVRLOAD ICED,grabfood,NON-BREAD,NON-BREAD,Chocolate,166642.86,True,2025-09-18 15:38:42.909670
61,GD115,GRAB MILO OVRLOAD ICED MX,grabfood,NON-BREAD,NON-BREAD,Chocolate,199171.43,True,2025-09-18 15:38:42.909670
62,GD114,GRAB MILO OVRLOAD ICED XL,grabfood,NON-BREAD,NON-BREAD,Chocolate,172450.00,True,2025-09-18 15:38:42.909670
8,GB107,DOUBLE CHEESE ROLL,grabfood,BREAD,BREAD,Classic Favorites,484849.49,True,2025-09-18 15:38:42.909670
9,GB004,GRAB CHEESE ROLL,grabfood,BREAD,BREAD,Classic Favorites,503125.58,True,2025-09-18 15:38:42.909670
11,GB008,GRAB CHOCO ROLL,grabfood,BREAD,BREAD,Classic Favorites,224814.50,True,2025-09-18 15:38:42.909670
12,GB104,GRAB PAN DE SAL (10 PCS),grabfood,BREAD,BREAD,Classic Favorites,116562.35,True,2025-09-18 15:38:42.909670
10,GB006,GRAB SPANISH BREAD,grabfood,BREAD,BREAD,Classic Favorites,420680.43,True,2025-09-18 15:38:42.909670
5,GB001,PAN DE COCO,grabfood,BREAD,BREAD,Classic Favorites,758896.86,True,2025-09-18 15:38:42.909670
7,GD117,GRAB COCOPAN TWISTEA,grabfood,NON-BREAD,NON-BREAD,Coolers,29189.93,True,2025-09-18 15:38:42.909670
84,GD119,GRAB COCOPAN TWISTEA MX,grabfood,NON-BREAD,NON-BREAD,Coolers,27665.00,True,2025-09-18 15:38:42.909670
85,GD118,GRAB COCOPAN TWISTEA XL,grabfood,NON-BREAD,NON-BREAD,Coolers,20835.72,True,2025-09-18 15:38:42.909670
76,GD044,GRAB FRUITY MELON MILK,grabfood,NON-BREAD,NON-BREAD,Coolers,47274.29,True,2025-09-18 15:38:42.909670
75,GD086,GRAB FRUITY MELON MILK MX,grabfood,NON-BREAD,NON-BREAD,Coolers,48615.00,True,2025-09-18 15:38:42.909670
77,GD047,GRAB FRUITY MELON MILK XL,grabfood,NON-BREAD,NON-BREAD,Coolers,57595.00,True,2025-09-18 15:38:42.909670
78,GD043,GRAB FRUITY STRAWBERRY MILK,grabfood,NON-BREAD,NON-BREAD,Coolers,50053.57,True,2025-09-18 15:38:42.909670
79,GD085,GRAB FRUITY STRAWBERRY MILK MX,grabfood,NON-BREAD,NON-BREAD,Coolers,34260.00,True,2025-09-18 15:38:42.909670
80,GD046,GRAB FRUITY STRAWBERRY MILK XL,grabfood,NON-BREAD,NON-BREAD,Coolers,53306.25,True,2025-09-18 15:38:42.909670
72,GD067,GRAB LEMON BERRY COOLER,grabfood,NON-BREAD,NON-BREAD,Coolers,51446.43,True,2025-09-18 15:38:42.909670
73,GD092,GRAB LEMON BERRY COOLER MX,grabfood,NON-BREAD,NON-BREAD,Coolers,54967.86,True,2025-09-18 15:38:42.909670
74,GD068,GRAB LEMON BERRY COOLER XL,grabfood,NON-BREAD,NON-BREAD,Coolers,54906.60,True,2025-09-18 15:38:42.909670
81,GD069,GRAB LEMON PASSION COOLER,grabfood,NON-BREAD,NON-BREAD,Coolers,41290.71,True,2025-09-18 15:38:42.909670
82,GD093,GRAB LEMON PASSION COOLER MX,grabfood,NON-BREAD,NON-BREAD,Coolers,37029.29,True,2025-09-18 15:38:42.909670
83,GD070,GRAB LEMON PASSION COOLER XL,grabfood,NON-BREAD,NON-BREAD,Coolers,37425.00,True,2025-09-18 15:38:42.909670
32,GB099,GRAB DAILY LOAF - ITALIAN HERB,grabfood,BREAD,BREAD,Daily Loaf,77281.75,True,2025-09-18 15:38:42.909670
31,GB097,GRAB DAILY LOAF - RAISIN,grabfood,BREAD,BREAD,Daily Loaf,61865.00,True,2025-09-18 15:38:42.909670
18,GB061,GRAB CHEESE BURST DONUT,grabfood,BREAD,BREAD,Donuts,116089.50,True,2025-09-18 15:38:42.909670
17,GB074,GRAB CHOCO CHEESE DONUT,grabfood,BREAD,BREAD,Donuts,328551.42,True,2025-09-18 15:38:42.909670
21,GB105,GRAB CHOCO FROST DONUT,grabfood,BREAD,BREAD,Donuts,199044.07,True,2025-09-18 15:38:42.909670
20,GB073,GRAB GLAZED DONUT,grabfood,BREAD,BREAD,Donuts,119328.00,True,2025-09-18 15:38:42.909670
22,GB106,GRAB STRAWBERRY SPRINKLE DONUT,grabfood,BREAD,BREAD,Donuts,138432.51,True,2025-09-18 15:38:42.909670
19,GB034,GRAB SUGAR DONUT,grabfood,BREAD,BREAD,Donuts,257118.31,True,2025-09-18 15:38:42.909670
1,GB062,MILKY CHEESE DONUT,grabfood,BREAD,BREAD,Donuts,1595421.82,True,2025-09-18 15:38:42.909670
6,GD057,GRAB ICED MATCHA MILK,grabfood,NON-BREAD,NON-BREAD,Matcha,125907.86,True,2025-09-18 15:38:42.909670
67,GD089,GRAB ICED MATCHA MILK MX,grabfood,NON-BREAD,NON-BREAD,Matcha,96707.86,True,2025-09-18 15:38:42.909670
68,GD059,GRAB ICED MATCHA MILK XL,grabfood,NON-BREAD,NON-BREAD,Matcha,136146.60,True,2025-09-18 15:38:42.909670
69,GD058,GRAB ICED MATCHA STRAWBERRY,grabfood,NON-BREAD,NON-BREAD,Matcha,66500.00,True,2025-09-18 15:38:42.909670
70,GD090,GRAB ICED MATCHA STRAWBERRY MX,grabfood,NON-BREAD,NON-BREAD,Matcha,51626.43,True,2025-09-18 15:38:42.909670
71,GD060,GRAB ICED MATCHA STRAWBERRY XL,grabfood,NON-BREAD,NON-BREAD,Matcha,80163.57,True,2025-09-18 15:38:42.909670
210,GP001,COCOPAN SAVORY SET 1,grabfood,PROMOS,PROMOS,New Offers,0.00,True,2025-09-18 16:28:38.467076
211,GP002,COCOPAN SAVORY SET 2,grabfood,PROMOS,PROMOS,New Offers,0.00,True,2025-09-18 16:28:38.467076
212,GP003,COCOPAN SAVORY SET 3,grabfood,PROMOS,PROMOS,New Offers,0.00,True,2025-09-18 16:28:38.467076
213,GP004,COCOPAN SAVORY SET 4,grabfood,PROMOS,PROMOS,New Offers,0.00,True,2025-09-18 16:28:38.467076
215,GP006,EXPRESS CLASSIC ICED COFFEE,grabfood,PROMOS,PROMOS,New Offers,0.00,True,2025-09-18 16:28:38.467076
214,GP005,EXPRESS SWEET & CREAMY ICED COFFEE,grabfood,PROMOS,PROMOS,New Offers,0.00,True,2025-09-18 16:28:38.467076
24,GB095,GRAB CHEESY HAM ROLL,grabfood,BREAD,BREAD,Savory Favorites,156874.75,True,2025-09-18 15:38:42.909670
23,GB102,GRAB CHEESY SAUSAGE ROLL,grabfood,BREAD,BREAD,Savory Favorites,250797.00,True,2025-09-18 15:38:42.909670
30,GB112,GRAB CHICKEN ASADO BUN,grabfood,BREAD,BREAD,Savory Favorites,30365.00,True,2025-09-18 15:38:42.909670
27,GB088,GRAB ITALIAN CHEESE ROLL,grabfood,BREAD,BREAD,Savory Favorites,156268.00,True,2025-09-18 15:38:42.909670
29,GB111,GRAB K-SALT BREAD,grabfood,BREAD,BREAD,Savory Favorites,129468.00,True,2025-09-18 15:38:42.909670
25,GB070,GRAB PAN DE FLOSS ORIGINAL,grabfood,BREAD,BREAD,Savory Favorites,210293.15,True,2025-09-18 15:38:42.909670
26,GB071,GRAB PAN DE FLOSS SPICY,grabfood,BREAD,BREAD,Savory Favorites,160848.82,True,2025-09-18 15:38:42.909670
28,GB109,GRAB TUNA BUN,grabfood,BREAD,BREAD,Savory Favorites,155276.35,True,2025-09-18 15:38:42.909670
4,GB110,CINNAMON ROLL DELUXE,grabfood,BREAD,BREAD,Sweet Favorites,601297.50,True,2025-09-18 15:38:42.909670
15,GB103,GRAB BLUEBERRY MUFFIN,grabfood,BREAD,BREAD,Sweet Favorites,145822.51,True,2025-09-18 15:38:42.909670
16,GB096,GRAB CHOCO CHIP MUFFIN,grabfood,BREAD,BREAD,Sweet Favorites,177441.38,True,2025-09-18 15:38:42.909670
13,GB028,GRAB CINNAMON ROLL CLASSIC,grabfood,BREAD,BREAD,Sweet Favorites,237303.49,True,2025-09-18 15:38:42.909670
14,GB069,GRAB COFFEE BUN,grabfood,BREAD,BREAD,Sweet Favorites,271841.20,True,2025-09-18 15:38:42.909670
